strategy,faithfulness,context_precision,context_entity_recall,factual_correctness,id_context_precision,id_context_recall
fixed,0.9215686274509803,0.7833333332941667,0.48095237954837494,0.94,0.9,1.0
recursive,0.8974358974358975,0.966666666625,0.5380952366095995,0.8733333333333334,1.0,1.0
